Year,President,Party,Events
1961,John F. Kennedy,Democratic,"* March: US President John F. Kennedy establishes the Peace Corps. 

* April: The Bay of Pigs invasion, a US-backed attempt to overthrow Fidel Castro, fails. This disastrous event was a significant foreign policy blunder for the newly inaugurated Kennedy administration, strengthening Castro's position in Cuba and further escalating tensions between the US and Cuba, and by extension, the Soviet Union.

* August: Construction of the Berlin Wall begins. This physical division of East and West Berlin became the most iconic symbol of the Cold War, trapping millions in Soviet-controlled East Germany and profoundly impacting geopolitics, human rights, and the lives of those separated.

* December: American involvement in the Vietnam War officially begins as the first American helicopters arrive in Saigon. While the conflict had roots earlier, 1961 marked a significant escalation of direct US military involvement, beginning a long and devastating war that would profoundly shape American society and foreign policy for decades."
1962,John F. Kennedy,Democratic,"* January: Operation Ranch Hand begins, a US Air Force operation to spray South Vietnamese forests with defoliants such as Agent Orange.

* February: US Supreme Court disallows race separation on public transportation. "
1963,John F. Kennedy,Democratic,"* January: George Wallace sworn in as Governor of Alabama, his address states ""segregation now; segregation tomorrow; segregation forever!"" 

* May: The ""Children's Crusade"" begins in Birmingham, Alabama. More than 600 African American school children were arrested for marching against segregation.

* June: US President John F. Kennedy says segregation is morally wrong and that it is ""time to act"" after signing the US Equal Pay Act signed into law. This landmark legislation aimed to abolish wage disparity based on sex, representing a crucial step towards gender equality in the workplace and having long-term implications for women's economic rights."
1964,Lyndon B. Johnson,Democratic,"* February: The Beatles land in New York for their first US appearance. 

* July: US President Lyndon B. Johnson signs the Civil Rights Act of 1964 into law. This monumental legislation outlawed discrimination based on race, color, religion, sex, or national origin, effectively ending legal segregation and becoming a cornerstone of American civil rights, with profound and lasting societal impact.

* October: China detonates its first atomic bomb. This event marked China's entry into the exclusive club of nuclear powers, significantly altering the global balance of power and adding a new dimension to Cold War complexities and international security concerns.

* December: Martin Luther King Jr. receives the Nobel Peace Prize. This recognition honored King's nonviolent struggle for civil rights in the United States, bringing international prestige to the movement and amplifying his message on a global stage, inspiring similar struggles for justice worldwide."
1965,Lyndon B. Johnson,Democratic,"* February: The maple leaf is adopted as the national flag of Canada. This highly symbolic change marked a significant step in Canada's assertion of its independent national identity, moving away from colonial symbols and creating a universally recognized emblem for the country.

* March: The first US combat troops arrive in Vietnam. 

* July: President Lyndon B. Johnson signs the Medicare bill into law. This landmark legislation created Medicare and Medicaid, establishing government-funded health insurance for the elderly and the poor. It fundamentally reshaped the American healthcare system and had a lasting impact on social welfare and public health.

* August: US President Lyndon B. Johnson signs the Voting Rights Act of 1965 into law. This pivotal act outlawed discriminatory voting practices, effectively ending legal disenfranchisement of African Americans and transforming the political landscape of the American South. It is considered one of the most important pieces of legislation of the Civil Rights Movement."
1966,Lyndon B. Johnson,Democratic,"* January: Indira Gandhi becomes the first female Prime Minister of India. Her ascension to power marked a significant moment for gender equality in leadership in the world's largest democracy, and she would go on to be one of the most powerful and influential political figures of the 20th century.

* June: The US Supreme Court issues its ruling in Miranda v. Arizona, establishing the ""Miranda warning."" This landmark legal decision mandated that criminal suspects be informed of their right to an attorney and against self-incrimination before questioning, fundamentally altering police procedures in the United States and significantly impacting criminal justice.

* July: Canada passes the Medicare Act, a national single-payer healthcare system. This pioneering social program provided universal access to healthcare for all Canadians, laying the foundation for a core aspect of Canadian national identity and becoming a model for other countries.

* September: Star Trek premieres on NBC. While initially struggling, this science fiction television series would eventually become a global phenomenon, profoundly influencing popular culture, inspiring scientific and technological advancements, and promoting themes of diversity, exploration, and peace."
1967,Lyndon B. Johnson,Democratic,"* January: The United States, Soviet Union, and United Kingdom sign the Outer Space Treaty. This landmark international agreement prohibited the placement of nuclear weapons or other weapons of mass destruction in Earth orbit or on celestial bodies, and established principles for the peaceful exploration and use of outer space, shaping space law for decades.

* June: The Six-Day War erupts between Israel and neighboring Arab states. 

* August: Thurgood Marshall is confirmed as the first African American Associate Justice of the US Supreme Court.

* December: Dr. Christiaan Barnard performs the first successful human heart transplantation in Cape Town, South Africa. "
1968,Lyndon B. Johnson,Democratic,"* January: North Korea seizes the US Navy ship USS Pueblo, holding its crew captive.

* February: US President Lyndon B. Johnson replaces General William Westmoreland as commander of US forces in Vietnam. 

* April: Martin Luther King Jr., US civil rights leader, is assassinated in Memphis, Tennessee. (From Apr 4 entry) The murder of the iconic civil rights leader sparked widespread riots in over 100 cities across the United States, deepening racial tensions and irrevocably altering the course of the nonviolent civil rights movement.

* June: Senator Robert F. Kennedy, a leading Democratic presidential candidate, is shot in Los Angeles after winning the California primary."
1969,Richard M. Nixon,Republican,"* January: Richard Nixon is inaugurated as the 37th President of the United States. His presidency marked a significant shift in American politics, initiating policies that would profoundly impact the Vietnam War (e.g., ""Vietnamization""), domestic social programs, and the nation's political landscape for the next five years.

* February: The Boeing 747, the world's first jumbo jet, makes its first flight. 

* June: The Stonewall Riots begin in New York City, marking the start of the modern gay rights movement. 

* July: Apollo 11 launches from Cape Kennedy, carrying astronauts Neil Armstrong, Buzz Aldrin, and Michael Collins on their mission to the Moon. 

* July: Neil Armstrong becomes the first human to walk on the Moon. Armstrong's ""one small step"" was a monumental achievement for humanity, fulfilling President Kennedy's challenge and representing a triumph of human ingenuity and exploration. It inspired generations and profoundly impacted science, technology, and popular culture worldwide.

* August: The Woodstock Music & Art Fair takes place in Bethel, New York, attended by nearly 400,000 people.

* September: Muammar Gaddafi leads a military coup in Libya, overthrowing the monarchy. This event marked the beginning of Gaddafi's long and autocratic rule in Libya, which significantly impacted the country's political and economic trajectory, its international relations, and regional stability for over four decades."
1970,Richard M. Nixon,Republican,"* January: Nigerian civil war officially ends after 2 1/2 years of fighting when the Republic of Biafra disbands and joins Nigeria. The conclusion of this brutal civil war, which caused widespread famine and an estimated one to three million deaths, marked a pivotal moment for Nigeria's unity and stability.

* March:
           5: Nuclear non-proliferation treaty goes into effect. This international treaty aimed to prevent the spread of nuclear weapons and weapon technology, promote cooperation in the peaceful uses of nuclear energy, and further the goal of achieving nuclear disarmament. Its entry into force was a crucial step in global security efforts.

           12: US lowers voting age from 21 to 18. This change, which would lead to the 26th Amendment to the US Constitution, significantly expanded the electorate and gave young adults a greater voice in American politics, reflecting changing social attitudes about the responsibilities of adulthood.

           18: Cambodia military coup under General Lon Nol, Prince Sihanuk flees. This coup significantly escalated the Vietnam War, extending the conflict into Cambodia and leading to widespread destabilization, massive refugee crises, and eventually the rise of the Khmer Rouge.

           18: Two-week US postal strike begins; it is against the government and is the largest wildcat strike in US history. This unprecedented strike by federal employees highlighted labor tensions and the growing assertiveness of public sector unions, leading to significant changes in postal worker rights and pay.

* April: Paul McCartney officially announces the breakup of The Beatles in a press release promoting his solo album. "
1971,Richard M. Nixon,Republican,"* January: The U.S. Congress officially bans cigarette advertising on television and radio. 

* February: Apollo 14 lands on the Moon, with Alan Shepard hitting golf balls on the lunar surface. 

* March: Bangladesh declares independence from Pakistan, initiating the Bangladesh Liberation War. This declaration sparked a brutal conflict leading to millions of deaths and widespread displacement, fundamentally redrawing the map of South Asia and resulting in the creation of a new sovereign nation.

* April: Sierra Leone becomes a republic. This marked another step in the decolonization of Africa, with Sierra Leone transitioning from a Commonwealth realm to a republic, asserting its full sovereignty and shaping its post-colonial governance.

* June: The New York Times begins publishing the Pentagon Papers. The leaked classified documents revealed the true history of US involvement in Vietnam, sparking a major First Amendment legal battle, eroding public trust in the government, and intensifying anti-war sentiment.

* August: President Richard Nixon ends the convertibility of the US dollar to gold, effectively ending the Bretton Woods system of fixed exchange rates. This ""Nixon Shock"" fundamentally altered the global financial system, leading to a floating exchange rate regime and having long-term implications for international trade and economic stability.

* October: The United Nations General Assembly votes to admit the People's Republic of China and expel the Republic of China (Taiwan). This momentous decision shifted global diplomatic recognition from Taiwan to mainland China, profoundly impacting international relations and the geopolitical balance of power for decades."
1972,Richard M. Nixon,Republican,"* February: U.S. President Richard Nixon begins a historic visit to the People's Republic of China. This groundbreaking trip normalized relations between the two nations after decades of isolation, fundamentally reshaping global geopolitics, opening China to the West, and significantly impacting the Cold War balance of power.

* March: The Equal Rights Amendment (ERA) is passed by the U.S. Senate and sent to the states for ratification. This proposed constitutional amendment aimed to guarantee equal legal rights for all American citizens regardless of sex, becoming a central focus of the feminist movement and sparking intense national debate over gender equality.

* May: Richard Nixon becomes the first U.S. President to visit Moscow, meeting with Soviet leaders. This summit further advanced détente during the Cold War, leading to the signing of the Strategic Arms Limitation Treaty (SALT I) and the Anti-Ballistic Missile (ABM) Treaty, significantly reducing nuclear tensions between the superpowers.

* June: The Watergate scandal begins with a break-in at the Democratic National Committee headquarters in the Watergate Hotel. Initially seen as a ""third-rate burglary,"" this event would gradually unravel into a massive political scandal that led to the resignation of President Nixon and profoundly shook public trust in government and political institutions.

* September: The ""Munich Massacre"" occurs during the Summer Olympics when Palestinian terrorists take Israeli athletes hostage, ultimately killing 11 Israelis. This horrific act of terrorism shocked the world, brought political violence to the global stage of the Olympic Games, and significantly impacted international counter-terrorism strategies and security measures for major events.

* December: Apollo 17 launches, carrying the last humans to walk on the Moon. This mission marked the final lunar landing of the Apollo program, bringing an end to an extraordinary era of human space exploration and leaving a legacy of scientific discovery and technological achievement."
1973,Richard M. Nixon,Republican,"* January 
      23: US President Richard Nixon announces a ceasefire agreement in Vietnam, effectively ending direct American military involvement.

      27: The Paris Peace Accords are signed, formally ending the Vietnam War. This agreement led to the withdrawal of the remaining American troops and POWs, though fighting continued between North and South Vietnam, marking a critical turning point in the long conflict.

* February: Operation Homecoming begins, with the release of the first American prisoners of war (POWs) from Vietnam. 

* April
      3: Motorola engineer Martin Cooper makes the first public call on a handheld portable telephone. 

      30: President Richard Nixon accepts the resignations of top aides H.R. Haldeman and John Ehrlichman, and dismisses John Dean, amidst the growing Watergate scandal. These high-profile departures signaled the increasing severity and reach of the Watergate investigation, moving the scandal closer to the presidency itself.

* May: The Skylab space station is launched by NASA. 

* September: A military coup d'état in Chile overthrows the democratically elected government of Salvador Allende. 

* October: The Yom Kippur War begins as Egypt and Syria launch a surprise attack on Israel. Arab oil-producing nations announce an oil embargo against countries supporting Israel in the Yom Kippur War. This ""oil shock"" triggered a global energy crisis, leading to soaring oil prices, widespread rationing, and significant economic disruption in many Western nations, fundamentally reshaping global energy policies."
1974,Gerald R. Ford,Republican,"* February: Grenada gains independence from the United Kingdom. This event marked another step in the process of decolonization, establishing Grenada as a sovereign nation and contributing to the evolving geopolitical landscape of the Caribbean.

* April: The Carnation Revolution takes place in Portugal, overthrowing the authoritarian Estado Novo regime. This nearly bloodless military coup restored democracy to Portugal after decades of dictatorship, profoundly impacting the country's political future and initiating the decolonization of its African territories (Angola, Mozambique, etc.).

* May: The U.S. House of Representatives Judiciary Committee begins formal impeachment hearings against President Richard Nixon. This marked a critical escalation in the Watergate scandal, bringing the nation closer to the unprecedented impeachment of a sitting president and significantly challenging the power of the executive branch.

* July: The U.S. Supreme Court rules unanimously in United States v. Nixon, ordering President Nixon to release the Watergate tapes. 

* August: Richard Nixon resigns as President of the United States. Facing impeachment, Nixon became the only U.S. President to resign from office. 

* September: President Gerald Ford grants a full pardon to former President Richard Nixon for any crimes he might have committed while in office. This controversial decision aimed to heal the nation but instead sparked widespread public outcry and political debate, becoming a defining moment of Ford's presidency.

* October: Muhammad Ali defeats George Foreman in the ""Rumble in the Jungle"" in Zaire to regain the world heavyweight boxing title. This iconic boxing match, held in Africa, transcended sports to become a cultural and political event, further cementing Ali's legendary status and showcasing African self-determination.

* November: The Arecibo message, a binary message, is broadcast into space from the Arecibo Observatory. This deliberate attempt to communicate with extraterrestrial intelligence represented humanity's increasing desire to understand its place in the universe and pushed the boundaries of interstellar communication."
1975,Gerald R. Ford,Republican,"* January: The first episode of Wheel of Fortune airs on NBC. 

* February: Margaret Thatcher is elected leader of the Conservative Party in the United Kingdom. This landmark election positioned her to become the first female Prime Minister of the UK a few years later, fundamentally reshaping British politics and society for decades with her conservative policies.

* April: The Khmer Rouge takes control of Phnom Penh, Cambodia, beginning a brutal four-year reign of terror. This event marked the start of the Cambodian genocide, one of the most horrific atrocities of the 20th century, leading to the deaths of millions and devastating the nation.

* April 30: Saigon falls to North Vietnamese forces, officially ending the Vietnam War. 

* June: Mozambique gains independence from Portugal. This event marked a significant milestone in African decolonization, ending centuries of Portuguese colonial rule and leading to the establishment of a new sovereign nation, though it was followed by a devastating civil war.

* July: The Apollo-Soyuz Test Project, the first joint U.S.-Soviet space mission, docks in Earth orbit. This historic handshake in space symbolized a moment of détente during the Cold War, demonstrating cooperation between the rival superpowers and paving the way for future international collaboration in space.

* August: The Helsinki Accords are signed by 35 nations, including the U.S., Canada, and most European states. This agreement aimed to improve relations between the Communist bloc and the West, particularly in areas of human rights and security, and played a role in the eventual dissolution of the Soviet Union.

* November: General Francisco Franco, dictator of Spain since 1939, dies. His death opened the door for Spain's transition to democracy after nearly four decades of authoritarian rule, profoundly changing the country's political, social, and economic trajectory."
1976,Gerald R. Ford,Republican,"* February: The 1976 Winter Olympics open in Innsbruck, Austria. While a major sporting event, these games also provided a global platform for international diplomacy and cultural exchange, continuing the tradition of the Olympic movement.

* April: Apple Computer Company is founded by Steve Jobs and Steve Wozniak. 

* June
      16: The Soweto Uprising begins in South Africa. Thousands of black students protested the compulsory use of Afrikaans in schools, leading to a brutal crackdown by the apartheid regime. T

      27: Air France Flight 139 is hijacked by Palestinian and German terrorists, diverting to Entebbe, Uganda. This dramatic hijacking led to a daring and successful rescue operation by Israeli commandos, demonstrating a new level of counter-terrorism capability and courage on the international stage.

* July: The Viking 1 lander successfully touches down on Mars, becoming the first US spacecraft to land on the red planet. This monumental achievement in space exploration provided the first close-up images and scientific data from the Martian surface, significantly advancing humanity's understanding of our solar system.

* August: Kim Jong-il is named the successor to Kim Il-sung in North Korea. 

* November: Jimmy Carter is elected President of the United States. His victory marked a shift in American politics, reflecting public weariness with scandal and war, and his presidency would focus on human rights in foreign policy and energy conservation domestically."
1977,Jimmy Carter,Democratic,"* February: The Space Shuttle Enterprise makes its first test flight (a captive-carry flight). This initial flight of the prototype space shuttle marked a crucial step in the development of NASA's reusable spacecraft program, ushering in a new era of space exploration designed for more regular access to orbit.

* July 13: The New York City blackout occurs, plunging most of the city into darkness for 25 hours. This major power outage led to widespread looting and arson, exposing underlying social tensions and infrastructure vulnerabilities, and serving as a stark reminder of urban fragility.

* August
      16: Elvis Presley, ""The King of Rock and Roll,"" dies at the age of 42. His death marked the end of an era for popular music. 

      20: NASA launches Voyager 2, followed by Voyager 1 on September 5. These two robotic probes embarked on an unprecedented mission to explore the outer planets of our solar system, providing groundbreaking images and data that revolutionized our understanding of Jupiter, Saturn, Uranus, and Neptune, and continue to transmit data from interstellar space.

* September: The Panama Canal Treaties are signed by US President Jimmy Carter and Panamanian leader Omar Torrijos. These treaties eventually transferred control of the Panama Canal to Panama, a significant diplomatic shift that marked a new chapter in US-Panama relations and a symbolic end to a period of American imperial influence.

* November: Egyptian President Anwar Sadat makes a historic visit to Israel, addressing the Knesset. This unprecedented visit by an Arab leader to Israel broke decades of political isolation for Israel in the region and paved the way for the Camp David Accords and a peace treaty between Egypt and Israel, fundamentally altering Middle East diplomacy."
1978,Jimmy Carter,Democratic,"* March: The Amoco Cadiz oil supertanker breaks apart off the coast of Brittany, France, causing one of the largest oil spills in history. This environmental disaster caused immense ecological damage, leading to significant advances in oil spill response, prevention, and international maritime regulations.

* September: The Camp David Accords are signed by Israeli Prime Minister Menachem Begin and Egyptian President Anwar Sadat, brokered by U.S. President Jimmy Carter. This landmark peace agreement, a culmination of intensive negotiations, was the first peace treaty between Israel and an Arab nation, fundamentally altering the the dynamics of the Arab-Israeli conflict and earning all three leaders Nobel Peace Prizes.

* October: Cardinal Karol Wojtyła of Poland is elected Pope John Paul II, becoming the first non-Italian pope in over 450 years and the first Polish pope. His election was a monumental event, signaling a new era for the Catholic Church, profoundly impacting global politics (especially regarding communism in Eastern Europe), and leaving a lasting legacy on faith and social justice.

* November: The Jonestown Massacre occurs, with over 900 members of the Peoples Temple cult dying in a mass murder-suicide in Jonestown, Guyana. "
1979,Jimmy Carter,Democratic,"* January 
      1: The United States and the People's Republic of China establish full diplomatic relations. This historic normalization of ties, following President Nixon's visit in 1972, fundamentally reshaped global geopolitics, ended decades of isolation between the two powers, and opened the door for significant economic and cultural exchange.

      16: The Shah of Iran, Mohammad Reza Pahlavi, flees Iran, paving the way for the Iranian Revolution. 

* March 
      26: The Egypt-Israel Peace Treaty is signed in Washington D.C. Brokered by U.S. President Jimmy Carter, this was the first peace treaty between Israel and an Arab nation, a monumental diplomatic achievement that reshaped the Arab-Israeli conflict and earned Anwar Sadat and Menachem Begin the Nobel Peace Prize.

      28: The Three Mile Island accident occurs in Pennsylvania, involving a partial meltdown of a nuclear reactor. This severe nuclear power plant accident raised public concerns about nuclear safety to an unprecedented level, leading to stricter regulations, a decline in new nuclear plant construction, and a lasting impact on public perception of nuclear energy.

* December: The Soviet Union invades Afghanistan. "
1980,Jimmy Carter,Democratic,"* January: The U.S. boycotts the 1980 Summer Olympics in Moscow. 

* April: Operation Eagle Claw, a US military mission to rescue American hostages in Iran, fails.

* August: Workers at the Lenin Shipyard in Gdańsk, Poland, led by Lech Wałęsa, go on strike, leading to the creation of the Solidarity trade union. This pivotal event marked the beginning of a massive independent labor movement that challenged communist rule in Poland, inspiring other dissident movements in Eastern Europe and ultimately contributing to the fall of communism.

* September: Iraq invades Iran, beginning the Iran-Iraq War. This brutal and protracted conflict, lasting for eight years, caused immense human suffering, economic devastation in both countries, and significantly destabilized the Middle East, with long-term regional and international consequences."
1981,Ronald Reagan,Republican,"* January: British police arrest Peter Sutcliffe, the ""Yorkshire Ripper,"" who confesses to murdering 13 women. 

* January: Ronald Reagan is inaugurated as the 40th President of the United States of America; simultaneously, the US diplomats and citizens held hostage at the US embassy in Tehran are released after 444 days. Reagan's inauguration marked the beginning of a conservative shift in American politics, and the immediate release of the hostages, ending a major international crisis, was a significant diplomatic success that boosted national morale.

* February: US President Richard Nixon launches the ""Nixon doctrine."" While Richard Nixon was no longer president in 1981 (Ronald Reagan was inaugurated on Jan 20, 1981), the ""Nixon Doctrine"" was actually announced in 1969. Assuming this entry is a historical note within the 1981 text, its significance lies in its ongoing influence on US foreign policy, advocating for allies to take more responsibility for their own defense and reducing direct American military involvement.

* March 
      1: Republican prisoners in the Maze began a second hunger strike; among them is Bobby Sands. This event escalated ""The Troubles"" in Northern Ireland significantly. The hunger strikes drew immense international attention to the republican cause and the political status of prisoners, leading to the deaths of several hunger strikers and further polarizing the conflict.

      30: US President Ronald Reagan is shot and wounded in an assassination attempt by John Hinckley, Jr.; three others, including press secretary James Brady, are also wounded. "
1982,Ronald Reagan,Republican,"* January: The ARPANET officially switches to using TCP/IP, marking the creation of the modern internet. This technical transition was a foundational moment for the global network we use today, paving the way for its rapid expansion and eventual widespread public use, fundamentally changing communication, commerce, and information access worldwide.

* April: Argentina invades the Falkland Islands, sparking the Falklands War with the United Kingdom. 

* May: Spain joins NATO. Spain's entry into the North Atlantic Treaty Organization marked a significant step in its post-Franco democratic transition and further solidified the Western military alliance during the Cold War, enhancing its strategic presence in Southern Europe.

* November: Soviet leader Leonid Brezhnev dies, ending his 18-year rule. Brezhnev's death marked a significant turning point in the Soviet Union, signaling the end of an era of stagnation and leading to a period of political instability and leadership changes that preceded the eventual reforms under Gorbachev and the collapse of the USSR.

* December: The first permanent artificial heart, the Jarvik-7, is implanted in patient Barney Clark. This groundbreaking medical procedure, though the patient only lived for 112 days, marked a revolutionary step in cardiac surgery and the development of artificial organs, opening new possibilities for treating end-stage heart disease and inspiring further biomedical research."
1983,Ronald Reagan,Republican,"* February: The final episode of M*A*S*H airs, drawing a record 105.97 million viewers in the U.S. 

* March: US President Ronald Reagan proposes the Strategic Defense Initiative (SDI), dubbed ""Star Wars."" This ambitious and controversial proposal to develop a missile defense system against nuclear attacks dramatically escalated the arms race, altered Cold War strategy, and fueled global debate over the militarization of space.

* June: Sally Ride becomes the first American woman in space, launching aboard the Space Shuttle Challenger. This historic flight broke a significant gender barrier in space exploration, inspiring women and girls across the nation and demonstrating America's commitment to diversifying its astronaut corps.

* September: Korean Air Lines Flight 007 is shot down by a Soviet fighter jet after straying into Soviet airspace, killing all 269 on board. This tragic incident, including the death of a U.S. Congressman, significantly escalated Cold War tensions, leading to widespread international condemnation of the Soviet Union and prompting calls for improved air safety protocols.

* October: The United States invades Grenada (Operation Urgent Fury)."
1984,Ronald Reagan,Republican,"* January: AT&T is broken up into several smaller companies, ending its monopoly on phone service in the United States. This monumental antitrust action fundamentally reshaped the telecommunications industry, fostering competition, innovation, and ultimately leading to a vast expansion of communication services.

* July: The 1984 Summer Olympics open in Los Angeles, boycotted by the Soviet Union and 13 other Communist bloc countries. This tit-for-tat boycott, in response to the U.S. boycott of the 1980 Moscow Olympics, further underscored Cold War tensions and impacted the level of competition, though the games were a financial success for Los Angeles.

* October: Indian Prime Minister Indira Gandhi is assassinated by her Sikh bodyguards. Her assassination, a direct consequence of the escalating conflict with Sikh separatists, plunged India into a period of intense violence and political uncertainty, profoundly impacting the nation's stability and communal relations.
"
1985,Ronald Reagan,Republican,"* January 
      1: The Internet's Domain Name System (DNS) is created. This foundational development revolutionized how the internet operates, moving away from simple numerical addresses to human-readable names, making the internet vastly more accessible and paving the way for its global expansion and commercialization.

      31: South African President P. W. Botha offers to free Nelson Mandela if he denounces violence. This public offer, though rejected by Mandela, marked a significant moment in the international anti-apartheid struggle, signaling potential shifts in the South African government's stance and increasing pressure for an end to apartheid.

* February: The World Chess Championship match between Anatoly Karpov and Garry Kasparov is abandoned. This controversial decision, with Karpov leading, sparked significant debate and highlighted the intense rivalry between two of the greatest chess players, drawing global attention to the intellectual battleground of professional chess.

* March 11: Mikhail Gorbachev replaces Konstantin Chernenko as Soviet leader. This transition in leadership brought to power a reform-minded leader who would introduce ""Glasnost"" and ""Perestroika,"" fundamentally altering the course of the Soviet Union, leading to the end of the Cold War, and ultimately contributing to its dissolution."
1986,Ronald Reagan,Republican,"* January: The Space Shuttle Challenger disintegrates 73 seconds after launch, killing all seven astronauts aboard. This catastrophic event, widely seen live on television, profoundly affected public trust in NASA and government technology, leading to a lengthy grounding of the shuttle program and significant re-evaluation of space safety.

* February: Corazon Aquino becomes President of the Philippines, ending the authoritarian rule of Ferdinand Marcos through the People Power Revolution. This largely peaceful revolution was a powerful demonstration of popular will leading to a democratic transition, inspiring similar movements for democracy worldwide.

* April 
      14: The United States launches air strikes against Libya in retaliation for alleged Libyan sponsorship of terrorism. This military action, following the bombing of a disco in West Berlin, marked a direct and aggressive response to state-sponsored terrorism, escalating tensions between the US and Libya and drawing international attention to the issue of retaliatory strikes.

      26: The Chernobyl nuclear power plant in the Ukrainian SSR (Soviet Union) experiences a catastrophic explosion and fire. This was the worst nuclear power plant accident in history, releasing vast amounts of radioactive material across Europe. It led to widespread contamination, long-term health effects, mass evacuations, and fundamentally altered global perceptions of nuclear power safety, impacting energy policy and contributing to the eventual collapse of the Soviet Union."
1987,Ronald Reagan,Republican,"* February: The Tower Commission releases its report on the Iran-Contra affair. This report heavily criticized President Ronald Reagan's administration for its handling of the illegal arms-for-hostages deal, damaging his credibility and leading to significant legal and political fallout for several high-ranking officials.

* May: USS Stark incident: An Iraqi F-1 Mirage jet fires two Exocet missiles at the USS Stark in the Persian Gulf, killing 37 U.S. Navy sailors. This attack escalated tensions in the Persian Gulf during the Iran-Iraq War, leading to increased U.S. naval presence and further complicating regional stability.

* June: U.S. President Ronald Reagan delivers his ""Tear Down This Wall"" speech at the Brandenburg Gate in West Berlin. This iconic address challenged Soviet leader Mikhail Gorbachev to dismantle the Berlin Wall, becoming a powerful symbol of the Cold War's end game and inspiring pro-democracy movements in Eastern Europe.

* October: ""Black Monday"" occurs, as stock markets around the world crash. The Dow Jones Industrial Average experienced its largest single-day percentage drop in history, leading to global financial panic and prompting widespread reforms in market regulation and risk management to prevent future collapses.

* December: The Intermediate-Range Nuclear Forces (INF) Treaty is signed by U.S. President Ronald Reagan and Soviet General Secretary Mikhail Gorbachev. This landmark arms control agreement eliminated an entire class of nuclear weapons, marking a significant step towards de-escalation of the Cold War and demonstrating unprecedented cooperation between the two superpowers."
1988,Ronald Reagan,Republican,"next year


* March: The Halabja chemical attack occurs when the Iraqi government uses chemical weapons against its Kurdish population. This horrific act of genocide, during the Iran-Iraq War, killed thousands of civilians and remains one of the most egregious uses of chemical weapons against a civilian population in history, drawing international condemnation.

* May: The Soviet Union begins its withdrawal of troops from Afghanistan. This marked a significant turning point in the Soviet-Afghan War, signaling the end of a costly and unpopular decade-long occupation for the USSR and having profound geopolitical implications for the region and the Cold War's eventual conclusion.

* August: The ""8888 Uprising"" begins in Myanmar (Burma) as pro-democracy protests sweep the country. This nationwide movement against the military junta was brutally suppressed, but it significantly raised international awareness of the political repression in Myanmar and laid the groundwork for future democratic activism.

* December 
      2: Benazir Bhutto becomes Prime Minister of Pakistan, the first woman to head a government in a Muslim-majority country. Her election was a groundbreaking achievement for gender equality in leadership and marked a significant moment for democracy in Pakistan, bringing hope for political reform after years of military rule.

      21: Pan Am Flight 103 explodes over Lockerbie, Scotland, killed 270 people in a terrorist bombing. This devastating act of terrorism, later linked to Libya, led to widespread international outrage, stricter airline security measures, and a prolonged legal and diplomatic effort to bring the perpetrators to justice, deeply impacting global perceptions of air travel safety."
1989,George Bush,Republican,"* February: The Soviet Union completes its withdrawal of troops from Afghanistan. This marked the end of a costly and protracted nine-year war for the USSR, signaling a decline in Soviet global influence and contributing to the internal pressures that would lead to its eventual collapse. It also left a power vacuum in Afghanistan with long-term consequences.

* April: Large-scale pro-democracy student protests begin in Tiananmen Square, Beijing, China. These peaceful demonstrations, advocating for political reforms and freedom, escalated over weeks, drawing massive public support and international attention before being brutally suppressed by the Chinese military in early June. The crackdown profoundly impacted China's domestic policies and its relationship with the international community.

* June: The Tiananmen Square Massacre occurs in Beijing, China. The Chinese government's violent suppression of pro-democracy protesters resulted in hundreds, possibly thousands, of deaths. 

* November: The Berlin Wall falls. This iconic event, spurred by popular protests and changes within the Soviet bloc, symbolized the dramatic collapse of communist regimes in Eastern Europe and the impending end of the Cold War. It led directly to German reunification and profoundly reshaped the geopolitical map of Europe.

* December: Romanian dictator Nicolae Ceaușescu and his wife Elena are executed following a brief uprising. This dramatic and violent end to one of Eastern Europe's most repressive communist regimes marked a stark contrast to the largely peaceful transitions elsewhere in the Soviet bloc, solidifying the wave of revolutions that swept through the region in 1989."
1990,George Bush,Republican,"* February: Nelson Mandela is released from prison in South Africa after 27 years. His release was a monumental moment in the fight against apartheid, signaling the imminent collapse of the discriminatory system and paving the way for South Africa's transition to a multiracial democracy. He became a global symbol of freedom and reconciliation.

* March: Mikhail Gorbachev is elected the first (and last) President of the Soviet Union. This marked a shift in the Soviet political structure, giving Gorbachev more direct power as he continued his reforms of perestroika and glasnost, though it ultimately proved insufficient to prevent the USSR's disintegration.

* May: North Yemen and South Yemen unite to form the Republic of Yemen. This political unification, while short-lived in its stability, represented a significant geopolitical shift in the Arabian Peninsula and had lasting consequences for regional power dynamics.

* August: Iraq invades Kuwait, leading to the Persian Gulf War. Saddam Hussein's unprovoked invasion triggered a massive international crisis, leading to a UN-sanctioned military coalition led by the United States. 

* October: Germany is officially reunified. The formal integration of East and West Germany, following the fall of the Berlin Wall in 1989, marked the end of a divided nation and a powerful symbol of the Cold War's conclusion, with significant economic, social, and political ramifications for Europe."
1991,George Bush,Republican,"* January: Operation Desert Storm begins, initiating the Persian Gulf War's air campaign. US-led coalition attacks Iraqi forces in Kuwait, swiftly liberating the country and establishing a new post-Cold War military doctrine.

* February: The Provisional Irish Republican Army (IRA) launches a mortar attack on 10 Downing Street in London. The attack targeted Prime Minister John Major during a cabinet meeting, underscoring ongoing political violence in Northern Ireland.

* August 
      19: Soviet hardliners attempt a coup against Mikhail Gorbachev. The failed coup accelerated the collapse of the Soviet Union as resistance, led by Boris Yeltsin, demonstrated popular opposition to the old guard.

      24: Ukraine declares independence from the Soviet Union. This was a crucial step in the dissolution of the USSR, leading to widespread international recognition and cementing the end of Soviet control over former republics.

* December: The Soviet Union officially dissolves. Mikhail Gorbachev resigns, republics declare independence, and the USSR is formally disbanded,"
1992,George Bush,Republican,"* February: The Maastricht Treaty is signed, establishing the European Union. This landmark treaty laid the foundation for greater European political and economic integration, including the eventual creation of a common currency.

* April: The Los Angeles riots erupt after four LAPD officers are acquitted in the beating of Rodney King. Widespread unrest, violence, and looting rocked the city, exposing deep racial tensions and social injustices in America.

* June: The Earth Summit (UNCED) begins in Rio de Janeiro, Brazil. This landmark UN conference on Environment and Development brought together world leaders to address global environmental issues and sustainable development.

* November: Bill Clinton is elected President of the United States. His victory ended 12 years of Republican presidential rule, ushering in an era of centrist Democratic policies and focusing on domestic issues.

* December: The UN Security Council authorizes Operation Restore Hope in Somalia. US-led forces deploy to ensure humanitarian aid delivery amidst widespread famine and civil conflict, a major international intervention."
1993,Bill Clinton,Democratic,"* January: Czechoslovakia peacefully dissolves into the Czech Republic and Slovakia (the ""Velvet Divorce"").

* February: A bomb explodes in the World Trade Center parking garage in New York City. This first major terrorist attack on the WTC killed six and injured over a thousand, foreshadowing future threats and escalating concerns about domestic and international terrorism.

* August: NASA's Galileo spacecraft makes its final flyby of Earth, heading towards Jupiter. This successful mission offered new insights into Venus and Earth and prepared for its ultimate exploration of the Jovian system.

* September: The Oslo Accords are signed between Israel and the Palestine Liberation Organization (PLO). This historic agreement, signed on the White House lawn, marked a significant step towards Israeli-Palestinian peace, establishing principles for self-government in the Palestinian territories.

* October: The Battle of Mogadishu (""Black Hawk Down"") occurs in Somalia. US Army Rangers and Delta Force engage in intense urban combat, resulting in significant casualties and leading to a reassessment of US military intervention strategies."
1994,Bill Clinton,Democratic,"* January: NAFTA comes into effect. This major trade agreement eliminated most tariffs between Canada, Mexico, and the U.S., profoundly reshaping North American economies.

* April 
      7: The Rwandan Genocide begins. Systematic massacres of Tutsis and moderate Hutus commenced, leading to an estimated 800,000 deaths and a horrific humanitarian crisis.

      27: South Africa holds its first multiracial democratic elections; Nelson Mandela is elected president. This monumental event marked the official end of apartheid and ushered in a new era of democracy.

* May: The Channel Tunnel (the ""Chunnel"") officially opens. This engineering marvel created a direct rail link between the UK and France, revolutionizing travel and trade."
1995,Bill Clinton,Democratic,"* January: The World Trade Organization (WTO) is established. This new body replaced GATT, formalizing global trade rules and profoundly impacting international commerce.

* March: The Aum Shinrikyo cult carries out a sarin gas attack on the Tokyo subway. This horrific act of domestic terrorism shocked Japan and raised global awareness of chemical weapons threats.

* April: The Oklahoma City bombing occurs. This act of domestic terrorism killed 168 people, leading to heightened security measures and national debate over extremism in the US.

* November: Israeli Prime Minister Yitzhak Rabin is assassinated. His murder by a right-wing Israeli extremist severely impacted the Israeli-Palestinian peace process."
1996,Bill Clinton,Democratic,"* January: Yasser Arafat is elected President of the Palestinian Authority. This was a key step in Palestinian self-determination and the peace process established by the Oslo Accords.

 * February: Garry Kasparov loses the first game to IBM's Deep Blue computer. This marked a significant moment in AI development, as a computer beat the reigning world chess champion for the first time.

* July 
      5: Dolly the sheep is born, the first mammal cloned from an adult cell. This groundbreaking scientific achievement revolutionized biology and sparked widespread ethical debates.

      17: TWA Flight 800 explodes off Long Island, killing all 230 on board. This tragic aviation disaster led to extensive investigations and heightened airline safety scrutiny.

      27: The Centennial Olympic Park bombing occurs in Atlanta during the Summer Olympics. This act of domestic terrorism disrupted the global event, leading to increased security measures at large public gatherings."
1997,Bill Clinton,Democratic,"* January: The Dow Jones Industrial Average closes above 7,000 for the first time. This milestone reflected the booming US economy and growing investor optimism during the dot-com era.

* May 
      1: Tony Blair becomes Prime Minister of the United Kingdom as Labour wins a landslide election. His victory ended 18 years of Conservative rule, ushering in the ""New Labour"" era with significant political and social reforms.

      11: IBM's Deep Blue chess computer defeats Garry Kasparov in a six-game rematch. This marked the first time a computer beat a reigning world chess champion in a match, a significant milestone in artificial intelligence.

* July: Hong Kong is handed over from British to Chinese rule. This historic transfer of sovereignty marked the end of British colonialism and the beginning of ""One Country, Two Systems"" for Hong Kong.

* August: Diana, Princess of Wales, dies in a car crash in Paris. Her sudden death triggered an unprecedented outpouring of public grief worldwide and profoundly impacted the British monarchy."
1998,Bill Clinton,Democratic,"* January: The Lewinsky scandal breaks, with President Bill Clinton denying ""sexual relations."" This initiated an impeachment inquiry that dominated US politics and heavily scrutinized the presidency.

* April 
      10: The Good Friday Agreement is signed in Belfast, Northern Ireland. This historic peace accord largely ended the violence of ""The Troubles,"" establishing a power-sharing government.

      7: U.S. embassies in Kenya and Tanzania are bombed by al-Qaeda. These coordinated terrorist attacks killed over 200, marking a significant escalation of al-Qaeda's global threat.

* September: Google Inc. is formally incorporated. This event marked the official start of a company that would revolutionize internet search and information access.

* November: The International Space Station (ISS) begins construction with the launch of its first module, Zarya. This initiated the largest international scientific collaboration in space, aiming for long-term human presence."
1999,Bill Clinton,Democratic,"* January: The Euro currency is introduced for financial transactions. This monumental step created a single currency zone for 11 EU members, profoundly impacting global finance and trade.

* March 
      12: Former Warsaw Pact members Hungary, Poland, and the Czech Republic join NATO. This expansion marked a significant shift in European security, integrating former Soviet bloc nations into the Western alliance.

      24: NATO begins its air campaign against Yugoslavia over Kosovo. This was NATO's first major military intervention against a sovereign state without UN approval, aimed at stopping ethnic cleansing.

* April: The Columbine High School massacre occurs in Littleton, Colorado. This tragic school shooting killed 13, sparking intense national debates on gun control, school safety, and youth violence.

* December: Russian President Boris Yeltsin unexpectedly resigns, naming Vladimir Putin as acting president. This surprise marked a pivotal moment in Russia's post-Soviet history, ushering in the era of Vladimir Putin."
2000,Bill Clinton,Democratic,"* March 
      10: The dot-com bubble bursts, as the NASDAQ Composite Index peaks and then rapidly declines. This marked the end of a period of intense speculation in internet companies, leading to significant economic losses and a restructuring of the technology sector.

      25: Vladimir Putin is formally elected President of Russia. His election solidified his power, ushering in a new era for post-Soviet Russia with long-term implications for its domestic and foreign policy.

* June: The Human Genome Project announces the completion of a ""working draft"" of the human genome. This monumental scientific achievement provided a foundational map for understanding human biology and disease, revolutionizing medicine and biotechnology.

* July: Air France Flight 4590, a Concorde jet, crashes shortly after takeoff from Paris. This devastating accident killed all 109 on board and four on the ground, leading to the grounding of the Concorde fleet and ultimately contributing to its retirement.

* November: The U.S. presidential election results in a disputed outcome between George W. Bush and Al Gore. The extremely close election, particularly in Florida, led to recounts and legal battles that ultimately reached the Supreme Court, exposing deep political divisions."
2001,George W. Bush,Republican,"* January: Wikipedia is launched. This online encyclopedia rapidly grew into the world's largest and most popular reference work, revolutionizing information access and collaborative content creation.

* April: A U.S. Navy EP-3E ARIES II surveillance aircraft collides with a Chinese J-8II fighter jet over the South China Sea. The incident led to a tense standoff and damaged U.S.-China relations.

* September 11: Al-Qaeda terrorists hijack four commercial airplanes, crashing two into the World Trade Center in NYC, one into the Pentagon, and one in a field in Pennsylvania. These attacks killed nearly 3,000 people, launching the ""War on Terror"" and fundamentally reshaping global security, foreign policy, and domestic life.

* October: The U.S. and its allies launch military operations in Afghanistan. This began the war in Afghanistan, aimed at dismantling Al-Qaeda and overthrowing the Taliban regime, a direct response to 9/11.

* December: Enron Corporation files for bankruptcy. This massive corporate collapse exposed widespread accounting fraud, leading to major reforms in corporate governance and auditing practices, and significantly impacting public trust in large corporations."
2002,George W. Bush,Republican,"* January 
      1: The Euro officially becomes the currency of twelve European Union member states. Euro banknotes and coins were introduced, completing a monumental step in European integration, simplifying trade and travel across the eurozone.

      29: U.S. President George W. Bush uses the phrase ""axis of evil"" in his State of the Union address. This term, referring to Iraq, Iran, and North Korea, significantly impacted U.S. foreign policy rhetoric and escalated tensions with these nations.

* March: The first U.S. troops deploy to Afghanistan for Operation Anaconda, a major ground offensive against al-Qaeda and Taliban forces. This marked an escalation of direct combat involvement in the war.

* October: Terrorist bombings at two nightclubs in Bali, Indonesia, kill 202 people, mostly foreign tourists. 

* November: U.S. President George W. Bush signs the Homeland Security Act, creating the Department of Homeland Security. This massive reorganization of federal agencies was a direct response to 9/11, aimed at enhancing national security and counter-terrorism efforts."
2003,George W. Bush,Republican,"* February: The Space Shuttle Columbia disintegrates upon re-entry, killing all seven astronauts. This second shuttle disaster grounded the fleet, led to extensive investigations, and further reshaped NASA's human spaceflight program, impacting future missions.

* March: The United States, with allies, invades Iraq. This invasion, based on claims of weapons of mass destruction and links to terrorism, initiated the Iraq War, overthrowing Saddam Hussein's regime.

* April: Baghdad falls to U.S. forces. The toppling of Saddam Hussein's statue in Firdos Square symbolized the end of his regime, marking a significant milestone in the early stages of the Iraq War.

* June (natural occurrence): The World Health Organization (WHO) issues a global alert about SARS (Severe Acute Respiratory Syndrome). This marked the first severe global pandemic of the 21st century, demonstrating the rapid spread of novel viruses and highlighting the need for international health cooperation.

* December: Saddam Hussein is captured by U.S. forces near Tikrit, Iraq. The capture of the former Iraqi dictator marked a significant moment in the Iraq War, ending a prolonged manhunt and providing a sense of closure for many."
2004,George W. Bush,Republican,"* February: Facebook is launched by Mark Zuckerberg. This social networking platform rapidly grew to billions of users, profoundly transforming online communication, social interaction, and digital advertising globally.

* March: Ten bombs explode on commuter trains in Madrid, Spain, killing 192 people. 

* May: Ten new member states, mostly from Central and Eastern Europe, join the European Union. This ""big bang"" enlargement significantly expanded the EU's geographical and economic reach, marking a major step in post-Cold War European integration.

* November: George W. Bush is re-elected U.S. President. His victory secured his second term, allowing him to continue his ""War on Terror"" policies and shape American domestic and foreign policy amidst ongoing conflicts in Iraq and Afghanistan."
2005,George W. Bush,Republican,"* January: The European Space Agency's Huygens probe lands on Saturn's moon Titan. 

* February: Lebanon's former Prime Minister Rafic Hariri is assassinated in Beirut. This high-profile assassination sparked widespread protests (""Cedar Revolution"") and led to the withdrawal of Syrian troops from Lebanon after nearly 30 years.

* April: Cardinal Joseph Ratzinger is elected Pope Benedict XVI. His election marked a significant moment for the Catholic Church after the long papacy of John Paul II, leading the Church through a period of theological traditionalism and addressing the ongoing clergy abuse crisis.

* July: A series of terrorist bombings strike London's public transport system, killing 52 people. These coordinated attacks, carried out by Islamist extremists, shocked the UK, highlighting the threat of homegrown terrorism and leading to increased counter-terrorism measures."
2006,George W. Bush,Republican,"* January: Ariel Sharon, Prime Minister of Israel, suffers a severe stroke and falls into a coma. This event led to his political incapacitation and the rise of Ehud Olmert, significantly impacting Israeli politics and the country's approach to the Israeli-Palestinian conflict.

* March: Twitter is launched. This microblogging platform rapidly grew into a major global communication tool, transforming social media, news dissemination, and public discourse.

* October: North Korea conducts its first nuclear weapons test. This marked a dangerous escalation in nuclear proliferation, drawing widespread international condemnation and increasing tensions in East Asia.

* November: Democrats regain control of both the U.S. House and Senate in midterm elections. This shift in political power reflected public dissatisfaction with the Iraq War and domestic policies, setting the stage for increased legislative challenges to the Bush administration.

* December: Saddam Hussein, former Iraqi dictator, is executed. His execution, following his conviction for crimes against humanity, marked a significant and controversial event in post-invasion Iraq, bringing a symbolic end to his era but also fueling sectarian tensions."
2007,George W. Bush,Republican,"* January 
      9: Apple introduces the iPhone. 

      27: Tony Blair resigns as Prime Minister of the United Kingdom, succeeded by Gordon Brown. This ended a decade of ""New Labour"" rule, marking a transition in British political leadership.

* September: Japan's Prime Minister Shinzo Abe resigns. His sudden resignation amid political scandals led to leadership instability in Japan, impacting its domestic policy and international standing.

* November: The MV African Pride oil tanker runs aground off the coast of South Korea, causing a major oil spill. This environmental disaster caused extensive coastal pollution and significant economic damage, highlighting risks of maritime transport."
2008,George W. Bush,Republican,"* February: Kosovo declares its independence from Serbia. This unilateral declaration was recognized by many Western nations but rejected by Serbia and its allies, leading to ongoing international diplomatic disputes and regional instability.

* August: The Russo-Georgian War begins. Russia invades Georgia following a conflict over South Ossetia, demonstrating Russia's willingness to use military force against former Soviet republics and escalating tensions with the West.

* September: Lehman Brothers files for bankruptcy, marking a critical point in the global financial crisis. This massive financial collapse triggered a cascade of events that plunged the global economy into a severe recession, leading to government bailouts, widespread unemployment, and major financial reforms.

* October: The Dow Jones Industrial Average experiences its worst day since 1987, reflecting the deepening financial crisis. This market plunge highlighted the severity of the economic downturn and heightened global anxieties.

* November: Barack Obama is elected the first African American President of the United States. His historic victory broke racial barriers in American politics and inspired hope for change, ushering in a new era of political leadership in the US."
2009,Barack Obama,Democratic,"* January: Barack Obama is inaugurated as U.S. President. His inauguration marked a historic moment for racial equality and ushered in an era of major policy initiatives, including economic stimulus and healthcare reform, amidst a severe financial crisis.

* February: The American Recovery and Reinvestment Act (ARRA) is signed into law. This massive economic stimulus package was designed to combat the Great Recession, injecting billions into the U.S. economy through infrastructure, aid, and tax cuts.

* April: The World Health Organization declares a Public Health Emergency of International Concern due to the H1N1 influenza pandemic. This marked the first such declaration in the 21st century, highlighting the threat of global pandemics and prompting coordinated international health responses.

* June: Michael Jackson, the ""King of Pop,"" dies. His sudden death shocked the world and led to an immense outpouring of grief, reflecting his unparalleled impact on music, dance, and popular culture globally.

* October: The United States loses its bid to host the 2016 Summer Olympics in Chicago. This defeat highlighted challenges in international political influence and domestic support for large-scale global events."
2010,Barack Obama,Democratic,"* January (natural occurrence): A devastating earthquake (magnitude 7.0) strikes Haiti, killing hundreds of thousands. This catastrophic natural disaster caused immense human suffering and widespread destruction, highlighting Haiti's vulnerability and prompting a massive, though often criticized, international humanitarian response.

* April (natural opccurrence): The Deepwater Horizon oil rig explodes in the Gulf of Mexico, causing a massive oil spill. This environmental disaster became the largest marine oil spill in history, causing extensive ecological damage, impacting industries, and leading to major reforms in offshore drilling regulations.

* May: The ""Flash Crash"" occurs on the U.S. stock market. A sudden and rapid stock market decline, quickly followed by a rebound, exposed vulnerabilities in high-frequency trading and electronic markets, leading to new regulatory measures.

* July: BP announces it has permanently sealed the Deepwater Horizon well. This marked the end of the active oil spill, but cleanup efforts and legal battles continued for years, underscoring the long-term consequences of environmental disasters.

* December: Mohamed Bouazizi, a street vendor in Tunisia, self-immolates, sparking the Tunisian Revolution. This act of protest against corruption and oppression ignited the ""Arab Spring"" uprisings across the Middle East and North Africa, leading to widespread political change and instability."
2011,Barack Obama,Democratic,"* January 
      1: The European Union introduces the euro as currency in Estonia. This marked Estonia's entry into the eurozone, expanding the common currency bloc.

      14: The Tunisian Revolution culminates with President Zine El Abidine Ben Ali fleeing the country. This marked the first successful uprising of the Arab Spring, inspiring similar movements across the region.

* March: A magnitude 9.1 earthquake and tsunami strike Japan. The disaster caused widespread devastation, leading to the Fukushima Daiichi nuclear accident and a massive humanitarian crisis.

* May: Osama bin Laden, leader of al-Qaeda, is killed by U.S. Navy SEALs in Pakistan. His death marked a significant victory in the War on Terror, delivering a major blow to the terrorist organization.

* October: Libyan leader Muammar Gaddafi is killed in Sirte. His death, following months of civil war, marked the end of his four-decade rule in Libya, but led to ongoing instability."
2012,Barack Obama,Democratic,"* July: The Large Hadron Collider (LHC) experiments announce the discovery of a new particle consistent with the Higgs boson. This monumental scientific discovery confirmed a cornerstone of the Standard Model of particle physics.

* August: NASA's Curiosity rover lands on Mars. This advanced robotic mission began exploring Mars, sending back high-resolution images and data to search for signs of past microbial life.

* December: The alleged ""end of the Mayan calendar"" passes without global catastrophe. This date, widely publicized due to misinterpretations, highlighted societal fascinations with apocalyptic prophecies."
2013,Barack Obama,Democratic,"* February 
      15: A meteor explodes over Chelyabinsk, Russia, injuring over 1,000 people. This unexpected event highlighted the threat of asteroid impacts and the need for planetary defense systems.

      28: Pope Benedict XVI resigns, the first pope to do so in almost 600 years. His unprecedented resignation paved the way for the election of Pope Francis and marked a significant moment for the Catholic Church.

* March: Cardinal Jorge Mario Bergoglio is elected Pope Francis. He became the first pope from the Americas, the first from the Southern Hemisphere, and the first Jesuit pope, ushering in an era of reform and a focus on social justice for the Catholic Church.

* April: Two bombs explode near the finish line of the Boston Marathon. The terrorist attack killed 3 and injured hundreds, leading to a massive manhunt and raising concerns about domestic terrorism in the U.S.

* November: India launches its Mars Orbiter Mission (Mangalyaan). This made India the fourth entity to reach Mars orbit, showcasing its growing capabilities in space exploration."
2014,Barack Obama,Democratic,"* February: The 2014 Winter Olympics open in Sochi, Russia. These games, amidst controversy over cost and human rights, showcased athletic competition and brought global attention to Russia.

* March: Malaysia Airlines Flight 370 disappears during a flight from Kuala Lumpur to Beijing. The mysterious disappearance sparked one of the largest and most extensive search operations in aviation history, with no confirmed wreckage found.

* July 
      8: Israel launches Operation Protective Edge in Gaza. This military offensive led to significant casualties and destruction, escalating the Israeli-Palestinian conflict and drawing international condemnation.

      17: Malaysia Airlines Flight 17 is shot down over eastern Ukraine. The civilian airliner, hit by a missile, killed all 298 on board, leading to international outrage and intensifying geopolitical tensions surrounding the conflict in Ukraine.

* October: Brazil's President Dilma Rousseff is re-elected for a second term. Her victory highlighted ongoing political and economic divisions in Brazil."
2015,Barack Obama,Democratic,"* January: The Charlie Hebdo terrorist attack occurs in Paris, France. Islamist gunmen stormed the satirical magazine's office, killing 12 people, sparking global debates on freedom of speech, religion, and terrorism.

* March: NASA's Dawn spacecraft enters orbit around Ceres. This marked the first time a spacecraft orbited a dwarf planet, providing unprecedented insights into the largest object in the asteroid belt.

* July: NASA's New Horizons spacecraft performs a flyby of Pluto. This historic mission provided the first-ever close-up images and data of Pluto and its moons, completing humanity's initial reconnaissance of the classical solar system planets.

* July: The United States and Cuba restore full diplomatic relations. This historic rapprochement ended over 50 years of Cold War-era estrangement, signaling a new era of engagement between the two countries.

* November: A series of coordinated terrorist attacks strike Paris, France. ISIS-affiliated terrorists killed 130 people in multiple locations, becoming France's deadliest attack since WWII and leading to heightened security measures across Europe."
2016,Barack Obama,Democratic,"* April: The Paris Agreement on climate change is signed by 175 countries at the UN. This landmark international treaty aimed at limiting global warming entered into force later that year, representing a major global effort to combat climate change.

* June: The United Kingdom votes to leave the European Union in the ""Brexit"" referendum. This historic decision led to years of political turmoil and negotiations, fundamentally reshaping the UK's relationship with Europe and impacting global politics and economics.

* July: A terrorist drives a truck into crowds celebrating Bastille Day in Nice, France, killing 86 people. This attack, claimed by ISIS, highlighted the evolving nature of extremist violence and the challenges of preventing such incidents.

* August: The 2016 Summer Olympics open in Rio de Janeiro, Brazil. These games were the first to be held in South America, showcasing athletic competition and drawing global attention to Brazil amidst political and economic challenges.

* November: Donald Trump is elected President of the United States. His victory marked a significant shift in American politics, ushering in an era of populist nationalism and fundamentally altering global relations and domestic policy."
2017,Donald Trump,Republican,"* January: Donald Trump is inaugurated as U.S. President. His inauguration ushered in a period of significant policy changes, including withdrawals from international agreements and a focus on ""America First"" foreign policy.

* March: The United Kingdom formally triggers Article 50, beginning the Brexit process. This initiated the two-year period for the UK to negotiate its withdrawal from the European Union, leading to intense political and economic uncertainty.

* October: A mass shooting at a music festival in Las Vegas kills 60 people. This became the deadliest mass shooting by a single gunman in modern U.S. history, sparking renewed debates on gun control.

* December 
      5: The International Olympic Committee bans Russia from the 2018 Winter Olympics due to a doping scandal. This unprecedented decision severely impacted Russian sports and highlighted systemic doping issues in international athletics.

      18: Disney announces it will acquire most of 21st Century Fox's assets for $52.4 billion. This massive media merger profoundly impacted the entertainment industry, consolidating major film and television properties."
2018,Donald Trump,Republican,"* January: Larry Nassar, former USA Gymnastics team doctor, is sentenced to up to 175 years in prison for sexual abuse. This high-profile sentencing brought widespread attention to institutional abuse and empowered victims, leading to significant changes in sports governance.

* March: Stephen Hawking, renowned theoretical physicist, dies. His death marked the loss of one of the most brilliant scientific minds of the modern era, leaving a legacy of groundbreaking work on black holes and cosmology.

* June: U.S. President Donald Trump and North Korean leader Kim Jong Un hold a historic summit in Singapore. This unprecedented meeting was the first time a sitting U.S. president met with a North Korean leader, aiming to de-escalate nuclear tensions.

* July: Thai cave rescue: All 12 boys and their soccer coach are successfully rescued from a flooded cave. This dramatic international rescue operation captivated the world, showcasing extraordinary human ingenuity and cooperation.

* October: Lion Air Flight 610 crashes in Indonesia, killing all 189 on board. This and a subsequent Boeing 737 MAX crash led to a global grounding of the aircraft and intense scrutiny of Boeing's design and certification processes."
2019,Donald Trump,Republican,"* January: China's Chang'e 4 spacecraft successfully lands on the far side of the Moon. This marked the first-ever soft landing on the Moon's unexplored far side, a significant milestone in space exploration and China's growing space program.

* April 
      10: Scientists unveil the first-ever image of a black hole. This groundbreaking image, captured by the Event Horizon Telescope, provided visual evidence of a black hole, confirming a key prediction of Einstein's theory of relativity.

      15: A massive fire severely damages Notre-Dame Cathedral in Paris. The fire caused extensive destruction to the iconic landmark, sparking global grief and a massive international effort to restore the historic cathedral.

* June: Widespread pro-democracy protests begin in Hong Kong. Millions of citizens demonstrated against a proposed extradition bill, evolving into a broader movement for democratic freedoms and challenging Beijing's authority.

* December: A novel coronavirus (later named SARS-CoV-2) is identified in Wuhan, China. This marked the beginning of what would become the COVID-19 pandemic, profoundly impacting global health, economies, and societies for years to come."
2020,Donald Trump,Republican,"* January 
      3: Qasem Soleimani, Iranian general, is killed in a U.S. drone strike in Baghdad. His assassination significantly escalated tensions between the U.S. and Iran, raising fears of a broader conflict in the Middle East.

      30: The World Health Organization (WHO) declares the COVID-19 outbreak a Public Health Emergency of International Concern. This declaration signaled the escalating global threat of the novel coronavirus, prompting widespread alarm and initial containment efforts.

* March: The World Health Organization (WHO) officially declares COVID-19 a pandemic. This declaration acknowledged the global spread and severity of the virus, leading to unprecedented lockdowns, travel restrictions, and health crises worldwide that fundamentally reshaped daily life, economies, and healthcare systems.

* May: George Floyd is murdered by a police officer in Minneapolis, Minnesota. His death, captured on video, sparked widespread Black Lives Matter protests against racial injustice and police brutality across the U.S. and globally, leading to major social and political reckoning.

* November: Joe Biden is elected President of the United States. His victory ended Donald Trump's presidency, signaling a shift in American political leadership and policy priorities both domestically and internationally."
2021,Joe Biden,Democratic,"* January 
      6: Citizens storm the U.S. Capitol. This unprecedented attack sought to overturn the 2020 election results. 

      20: Joe Biden is inaugurated as the 46th U.S. President. His inauguration signaled a shift in U.S. domestic and foreign policy after the Trump administration.

* March: The Ever Given container ship gets stuck in the Suez Canal. The incident disrupted global trade for nearly a week, highlighting vulnerabilities in supply chains.

* April: NASA's Ingenuity helicopter performs the first powered flight on another planet. Part of the Mars 2020 mission, this marked a significant milestone in extraterrestrial aviation.

* August: The United States withdraws its last troops from Afghanistan; the Taliban quickly seize control of Kabul. This ended a 20-year war, resulting in a rapid collapse of the Afghan government and a humanitarian crisis."
2022,Joe Biden,Democratic,"* February 
      4: The 2022 Winter Olympics open in Beijing, China. These games faced diplomatic boycotts over human rights concerns, but showcased athletic competition on a global stage.

      24: Russia launches a full-scale invasion of Ukraine. This major escalation of conflict triggered Europe's largest war since WWII, leading to massive displacement, sanctions, and global geopolitical shifts.

* June: The U.S. Supreme Court overturns Roe v. Wade. This ruling eliminated the constitutional right to abortion, returning authority to individual states and sparking widespread protests and legal battles.

* September: Queen Elizabeth II dies at age 96, after 70 years on the throne. Her passing marked the end of an era for the United Kingdom and the Commonwealth, leading to King Charles III's ascension.

* November: The world population officially reaches 8 billion people. This demographic milestone highlighted global challenges and opportunities related to resources, environment, and development."
2023,Joe Biden,Democratic,"* May: The WHO ends its declaration of COVID-19 being a global health emergency. This marked a significant turning point in the pandemic, signaling a move towards managing the virus as an ongoing health threat.

* August: India's Chandrayaan-3 becomes the first spacecraft to land near the Moon's south pole. This historic achievement made India the fourth country to successfully land on the Moon and expanded lunar exploration.

* October: Hamas launches a major attack on Israel, killing over 1,100 and taking hostages. This initiated a significant escalation of the Israeli-Palestinian conflict, leading to Israel's military response in Gaza and a humanitarian crisis.

* November: U.S. President Joe Biden and Chinese President Xi Jinping hold a summit in San Francisco. The meeting aimed to cool tensions and explore cooperation, seeking to manage the strategic competition between the two global powers."
2024,Joe Biden,Democratic,"* February: Alexei Navalny, Russian opposition leader, dies in prison. His death under mysterious circumstances sparked international condemnation and highlighted the severe repression of dissent in Russia.

* March: The Francis Scott Key Bridge in Baltimore, Maryland, collapses after being struck by a container ship. The catastrophic bridge collapse caused fatalities, disrupted shipping, and had significant economic implications for the region.

* April: Iran launches hundreds of drones and missiles directly at Israel. This unprecedented direct military confrontation between Iran and Israel significantly escalated regional tensions in the Middle East.

* July: The 2024 Summer Olympics open in Paris, France. These games, hosted in a major European capital, showcased athletic competition and brought global attention to France.

* November: Donald Trump is elected U.S. President for a second nonconsecutive term. His victory marked a significant and historic shift in American politics, impacting global alliances and domestic policies."
